{
    "ConfigGeral": {
        "Status": "ON",
        "ColorEmbed": "#635b44",
        "TermosCompra": "Não definido",
        "MercadoPagoConfig": {
            "PixToggle": "OFF",
            "SiteToggle": "OFF",
            "TimePagament": "20",
            "TokenAcessMP": ""
        },
        "SaldoConfig": {
            "SaldoStatus": "ON",
            "Bonus": "10",
            "ValorMinimo": "10"
        },
        "SemiAutoConfig": {
            "SemiAutoStatus": "ON",
            "pix": "",
            "qrcode": ""
        },
        "CashBack": {
            "ToggleCashBack": "OFF",
            "Porcentagem": "10"
        },
        "StatusBot": {
            "typestatus": null,
            "ativistatus": null,
            "textstatus": null,
            "urlstatus": null
        },
        "lenguage": "USD"
    },
    "emojis": {
        "1_a": "<:1_a:1376336892601303090>",
        "2_a": "<:2_a:1376336897613234228>",
        "3_a": "<:3_a:1376336902214651916>",
        "4_a": "<:4_a:1376336907394613400>",
        "5_a": "<:5_a:1376336912125792256>",
        "6_a": "<:6_a:1376336916844380190>",
        "7_a": "<:7_a:1376336921403461734>",
        "8_a": "<:8_a:1376336926373838988>",
        "loading_promisse": "<a:loading_promisse:1376336931197161562>",
        "certo": "<:certo:1376336935693582528>",
        "errado": "<:errado:1376336940953243739>",
        "bolsaV": "<:bolsaV:1376336945692807229>",
        "chavefenda": "<:chavefenda:1376336950385967125>",
        "pessoafone": "<:pessoafone:1376336954857226241>",
        "caixa": "<:caixa:1376336960163024906>",
        "dev": "<:dev:1376336965011636316>",
        "info": "<:info:1376336969633759284>",
        "desligado": "<:desligado:1376336974679642252>",
        "ligado": "<:ligado:1376336979360354385>",
        "bolinha": "<:bolinha:1376336984091656382>",
        "sacola": "<:sacola:1376336988881551401>",
        "entrada": "<:entrada:1376336993708933190>",
        "saida": "<:saida:1376336998775783424>",
        "lock": "<:lock:1376337003720736878>",
        "unlock": "<:unlock:1376337008976199730>",
        "calendarioooo": "<:calendarioooo:1376337013850247209>",
        "carrinhobranco": "<:carrinhobranco:1376337018350731305>",
        "dinheiro2": "<:dinheiro2:1376337022913876040>",
        "giveaway": "<a:giveaway:1376337028060545055>",
        "usuario2": "<:usuario2:1376337033051639979>",
        "estrelinha": "<a:estrelinha:1376337037803786372>",
        "setinha": "<a:setinha:1376337042719375433>"
    }
}